DROP DATABASE IF EXISTS DOCTORAL;
CREATE DATABASE DOCTORAL;
USE DOCTORAL;

DROP TABLE IF EXISTS INSTRUCTOR;
DROP TABLE IF EXISTS TT;
DROP TABLE IF EXISTS PHDSTUDENT;
DROP TABLE IF EXISTS GTA;
DROP TABLE IF EXISTS GRA;
DROP TABLE IF EXISTS SELFSUPPORT;
DROP TABLE IF EXISTS COURSE;
DROP TABLE IF EXISTS SECTION;
DROP TABLE IF EXISTS COURSESTAUGHT;
DROP TABLE IF EXISTS MILESTONE;
DROP TABLE IF EXISTS MILESTONESPASSED;
DROP TABLE IF EXISTS GRANTS;
DROP TABLE IF EXISTS GRANTSASSOCIATED;
DROP TABLE IF EXISTS PHDCOMMITTEE;
DROP TABLE IF EXISTS GRANTSASSOCIATED;
DROP TABLE IF EXISTS PHDCOMMITTEE;

CREATE TABLE INSTRUCTOR(  
	InstructorId CHAR(10) NOT NULL PRIMARY KEY,  
	Fname VARCHAR(50) NOT NULL,
	Lname VARCHAR(50) NOT NULL,
	StartDate DATE,
	Degree CHAR(50),
	Rank CHAR(50),
	Type CHAR(50)
);



INSERT INTO INSTRUCTOR(InstructorId,FName,LName,StartDate,Degree,Rank,Type) VALUES ('AO5671','Adegoke','Olubummo','1982-07-19','PhD','Professor','TT');
INSERT INTO INSTRUCTOR(InstructorId,FName,LName,StartDate,Degree,Rank,Type) VALUES ('AS2348','Ahmed','Sarhan','1989-07-19','PhD','Professor','TT');
INSERT INTO INSTRUCTOR(InstructorId,FName,LName,StartDate,Degree,Rank,Type) VALUES ('AD4267','Andrea','Delgado','2002-07-15','PhD','Associate Professor','Adjunct');
INSERT INTO INSTRUCTOR(InstructorId,FName,LName,StartDate,Degree,Rank,Type) VALUES ('AO1290','Asu','Ozdaglar','2002-07-15','PhD','Associate Professor','Adjunct');
INSERT INTO INSTRUCTOR(InstructorId,FName,LName,StartDate,Degree,Rank,Type) VALUES ('BL9856','Barbara','Liskov','2001-07-19','PhD','Professor','TT');
INSERT INTO INSTRUCTOR(InstructorId,FName,LName,StartDate,Degree,Rank,Type) VALUES ('CC8908','Carlos','Castillo','2017-07-15','PhD','Associate Professor','Adjunct');
INSERT INTO INSTRUCTOR(InstructorId,FName,LName,StartDate,Degree,Rank,Type) VALUES ('CA2876','Corey','Ashley','2002-07-15','Masters','Associate Professor','Adjunct');
INSERT INTO INSTRUCTOR(InstructorId,FName,LName,StartDate,Degree,Rank,Type) VALUES ('DP6712','David','Patterson','2001-07-19','PhD','Professor','NTT');
INSERT INTO INSTRUCTOR(InstructorId,FName,LName,StartDate,Degree,Rank,Type) VALUES ('HY1945','Henry','Yuen','2008-07-25','PhD','Associate Professor','NTT');
INSERT INTO INSTRUCTOR(InstructorId,FName,LName,StartDate,Degree,Rank,Type) VALUES ('RB1897','Ravindran','Balaraman','1990-02-10','PhD','Professor','TT');
INSERT INTO INSTRUCTOR(InstructorId,FName,LName,StartDate,Degree,Rank,Type) VALUES ('SB2561','Sanghamitra','Bandyopadhyay','1999-09-15','PhD','Assistant Professor','TT');
INSERT INTO INSTRUCTOR(InstructorId,FName,LName,StartDate,Degree,Rank,Type) VALUES ('XZ3456','Xia','Zhou','2005-07-20','PhD','Associate Professor','NTT');



CREATE TABLE TT(
	InstructorID CHAR(10) NOT NULL PRIMARY KEY,
	NoOfPhDStudents INT NOT NULL,
	FOREIGN KEY(InstructorID) REFERENCES INSTRUCTOR(InstructorId)
);


INSERT INTO TT(InstructorId,NoOfPhDStudents) VALUES ('AO5671',10);
INSERT INTO TT(InstructorId,NoOfPhDStudents) VALUES ('RB1897',13);
INSERT INTO TT(InstructorId,NoOfPhDStudents) VALUES ('AS2348',20);
INSERT INTO TT(InstructorId,NoOfPhDStudents) VALUES ('SB2561',21);
INSERT INTO TT(InstructorId,NoOfPhDStudents) VALUES ('BL9856',9);



CREATE TABLE PHDSTUDENT(
	StudentId CHAR(10) NOT NULL PRIMARY KEY,
	FName VARCHAR(50) NOT NULL,
	Lname VARCHAR(50) NOT NULL,
	StSem CHAR (50),
	StYear INT,
	Supervisor CHAR(10) NOT NULL,
	FOREIGN KEY(Supervisor) REFERENCES INSTRUCTOR(InstructorId)
	
);


INSERT INTO PHDSTUDENT(StudentId,FName,LName,StSem,StYear,Supervisor) VALUES ('AK1958','Abdul','Kalam','Fall',2018,'BL9856');
INSERT INTO PHDSTUDENT(StudentId,FName,LName,StSem,StYear,Supervisor) VALUES ('AW1023','Abdurrahman','Wahid','Fall',2017,'BL9856');
INSERT INTO PHDSTUDENT(StudentId,FName,LName,StSem,StYear,Supervisor) VALUES ('AA1234','Abimbola','Abioye','Fall',2016,'AO5671');
INSERT INTO PHDSTUDENT(StudentId,FName,LName,StSem,StYear,Supervisor) VALUES ('AY2653','Adarsh','Yadav','Fall',2017,'AS2348');
INSERT INTO PHDSTUDENT(StudentId,FName,LName,StSem,StYear,Supervisor) VALUES ('AB2903','Aditya','Bhatt','Fall',2016,'AS2348');
INSERT INTO PHDSTUDENT(StudentId,FName,LName,StSem,StYear,Supervisor) VALUES ('AJ1934','Adriana','Johnson','Fall',2016,'AO5671');
INSERT INTO PHDSTUDENT(StudentId,FName,LName,StSem,StYear,Supervisor) VALUES ('AA2345','Afia','Achebe','Fall',2016,'AO5671');
INSERT INTO PHDSTUDENT(StudentId,FName,LName,StSem,StYear,Supervisor) VALUES ('AL8345','Alejandro','Lopez','Fall',2016,'AO5671');
INSERT INTO PHDSTUDENT(StudentId,FName,LName,StSem,StYear,Supervisor) VALUES ('AJ1836','Alice','Jones','Fall',2016,'AS2348');
INSERT INTO PHDSTUDENT(StudentId,FName,LName,StSem,StYear,Supervisor) VALUES ('AP2578','Anastasia','Petrov','Fall',2017,'SB2561');
INSERT INTO PHDSTUDENT(StudentId,FName,LName,StSem,StYear,Supervisor) VALUES ('AM8051','Antonio','Martinez','Fall',2016,'AS2348');
INSERT INTO PHDSTUDENT(StudentId,FName,LName,StSem,StYear,Supervisor) VALUES ('AM2950','Armand','Martin','Fall',2016,'AO5671');
INSERT INTO PHDSTUDENT(StudentId,FName,LName,StSem,StYear,Supervisor) VALUES ('AD1035','Ashish','Dwivedi','Fall',2017,'RB1897');
INSERT INTO PHDSTUDENT(StudentId,FName,LName,StSem,StYear,Supervisor) VALUES ('BM1745','Ben','Mueller','Fall',2016,'RB1897');
INSERT INTO PHDSTUDENT(StudentId,FName,LName,StSem,StYear,Supervisor) VALUES ('BD5678','Berko','Dogo','Fall',2017,'AO5671');
INSERT INTO PHDSTUDENT(StudentId,FName,LName,StSem,StYear,Supervisor) VALUES ('BE1256','Bosede','Eesuola','Fall',2017,'AS2348');
INSERT INTO PHDSTUDENT(StudentId,FName,LName,StSem,StYear,Supervisor) VALUES ('CC6716','Chayton','Chavis','Fall',2018,'BL9856');
INSERT INTO PHDSTUDENT(StudentId,FName,LName,StSem,StYear,Supervisor) VALUES ('DB1783','Dakota','Benally','Fall',2016,'AO5671');
INSERT INTO PHDSTUDENT(StudentId,FName,LName,StSem,StYear,Supervisor) VALUES ('DB6291','Dyani','Begay','Fall',2016,'AO5671');
INSERT INTO PHDSTUDENT(StudentId,FName,LName,StSem,StYear,Supervisor) VALUES ('EN4589','Emeka','Nenge','Fall',2018,'RB1897');
INSERT INTO PHDSTUDENT(StudentId,FName,LName,StSem,StYear,Supervisor) VALUES ('FK8907','Folami','Kanye','Fall',2017,'RB1897');
INSERT INTO PHDSTUDENT(StudentId,FName,LName,StSem,StYear,Supervisor) VALUES ('FS6892','Francisco','Sanchez','Fall',2018,'AO5671');
INSERT INTO PHDSTUDENT(StudentId,FName,LName,StSem,StYear,Supervisor) VALUES ('FE6789','Fumnaya','Egebe','Fall',2017,'AS2348');
INSERT INTO PHDSTUDENT(StudentId,FName,LName,StSem,StYear,Supervisor) VALUES ('GD1948','Gabriel','Durand','Fall',2017,'RB1897');
INSERT INTO PHDSTUDENT(StudentId,FName,LName,StSem,StYear,Supervisor) VALUES ('GM6294','Gabriella','Miller','Fall',2017,'RB1897');
INSERT INTO PHDSTUDENT(StudentId,FName,LName,StSem,StYear,Supervisor) VALUES ('HA2680','Hector','Adams','Fall',2018,'SB2561');
INSERT INTO PHDSTUDENT(StudentId,FName,LName,StSem,StYear,Supervisor) VALUES ('IJ1569','Ife','Jelani','Fall',2017,'RB1897');
INSERT INTO PHDSTUDENT(StudentId,FName,LName,StSem,StYear,Supervisor) VALUES ('IS2945','Ivan','Sokolov','Fall',2016,'AO5671');
INSERT INTO PHDSTUDENT(StudentId,FName,LName,StSem,StYear,Supervisor) VALUES ('JR1930','Jesus','Rodriguez','Fall',2016,'AS2348');
INSERT INTO PHDSTUDENT(StudentId,FName,LName,StSem,StYear,Supervisor) VALUES ('JG8927','Jose','Garcia','Fall',2016,'AO5671');
INSERT INTO PHDSTUDENT(StudentId,FName,LName,StSem,StYear,Supervisor) VALUES ('JF1092','Josefina','Flores','Fall',2017,'BL9856');
INSERT INTO PHDSTUDENT(StudentId,FName,LName,StSem,StYear,Supervisor) VALUES ('JG1036','Juan','Gonzalez','Fall',2016,'BL9856');
INSERT INTO PHDSTUDENT(StudentId,FName,LName,StSem,StYear,Supervisor) VALUES ('JT6936','Jules','Thomas','Fall',2018,'RB1897');
INSERT INTO PHDSTUDENT(StudentId,FName,LName,StSem,StYear,Supervisor) VALUES ('JP9384','Jung','Park','Fall',2016,'AO5671');
INSERT INTO PHDSTUDENT(StudentId,FName,LName,StSem,StYear,Supervisor) VALUES ('KY4892','Kaya','Yazzie','Fall',2016,'AS2348');
INSERT INTO PHDSTUDENT(StudentId,FName,LName,StSem,StYear,Supervisor) VALUES ('KH1029','Ki','Hajar','Fall',2016,'BL9856');
INSERT INTO PHDSTUDENT(StudentId,FName,LName,StSem,StYear,Supervisor) VALUES ('KJ1928','Kim','Jee','Fall',2018,'AS2348');
INSERT INTO PHDSTUDENT(StudentId,FName,LName,StSem,StYear,Supervisor) VALUES ('KO1905','Kojo','Okoro','Fall',2018,'SB2561');
INSERT INTO PHDSTUDENT(StudentId,FName,LName,StSem,StYear,Supervisor) VALUES ('LB2673','Leo','Bernard','Fall',2017,'AS2348');
INSERT INTO PHDSTUDENT(StudentId,FName,LName,StSem,StYear,Supervisor) VALUES ('LY1049','Li','Ying','Fall',2017,'AS2348');
INSERT INTO PHDSTUDENT(StudentId,FName,LName,StSem,StYear,Supervisor) VALUES ('LM1405','Lucinda','Moreau','Fall',2018,'SB2561');
INSERT INTO PHDSTUDENT(StudentId,FName,LName,StSem,StYear,Supervisor) VALUES ('LF150','Luis','Fischer','Fall',2018,'RB1897');
INSERT INTO PHDSTUDENT(StudentId,FName,LName,StSem,StYear,Supervisor) VALUES ('MG1940','Maanas','Gandhi','Fall',2018,'BL9856');
INSERT INTO PHDSTUDENT(StudentId,FName,LName,StSem,StYear,Supervisor) VALUES ('ML3902','Malia','Locklear','Fall',2017,'AS2348');
INSERT INTO PHDSTUDENT(StudentId,FName,LName,StSem,StYear,Supervisor) VALUES ('MP3478','Maria','Perez','Fall',2017,'AS2348');
INSERT INTO PHDSTUDENT(StudentId,FName,LName,StSem,StYear,Supervisor) VALUES ('MS1259','Maya','Smith','Fall',2016,'AO5671');
INSERT INTO PHDSTUDENT(StudentId,FName,LName,StSem,StYear,Supervisor) VALUES ('MA1234','Miguel','Angel','Fall',2018,'BL9856');
INSERT INTO PHDSTUDENT(StudentId,FName,LName,StSem,StYear,Supervisor) VALUES ('MN2903','Mika','Nyhoff','Fall',2016,'AS2348');
INSERT INTO PHDSTUDENT(StudentId,FName,LName,StSem,StYear,Supervisor) VALUES ('MI1589','Mikhail','Ivanov','Fall',2017,'AS2348');
INSERT INTO PHDSTUDENT(StudentId,FName,LName,StSem,StYear,Supervisor) VALUES ('MA1968','Muhammad','Ansari','Fall',2016,'AS2348');
INSERT INTO PHDSTUDENT(StudentId,FName,LName,StSem,StYear,Supervisor) VALUES ('NZ1278','Nia','Zivai','Fall',2018,'SB2561');
INSERT INTO PHDSTUDENT(StudentId,FName,LName,StSem,StYear,Supervisor) VALUES ('NS4289','Noah','Schmidt','Fall',2017,'AS2348');
INSERT INTO PHDSTUDENT(StudentId,FName,LName,StSem,StYear,Supervisor) VALUES ('NN1629','Nokomis','Nez','Fall',2017,'BL9856');
INSERT INTO PHDSTUDENT(StudentId,FName,LName,StSem,StYear,Supervisor) VALUES ('OT8190','Odina','Toledo','Fall',2017,'AS2348');
INSERT INTO PHDSTUDENT(StudentId,FName,LName,StSem,StYear,Supervisor) VALUES ('PS1904','Parvinder','Singh','Fall',2017,'AS2348');
INSERT INTO PHDSTUDENT(StudentId,FName,LName,StSem,StYear,Supervisor) VALUES ('PG2469','Patricia','Gomez','Fall',2017,'RB1897');
INSERT INTO PHDSTUDENT(StudentId,FName,LName,StSem,StYear,Supervisor) VALUES ('PH2091','Pocahontas','Hill','Fall',2018,'BL9856');
INSERT INTO PHDSTUDENT(StudentId,FName,LName,StSem,StYear,Supervisor) VALUES ('RK1489','Ranomi','Kromowidjojo','Fall',2016,'BL9856');
INSERT INTO PHDSTUDENT(StudentId,FName,LName,StSem,StYear,Supervisor) VALUES ('RW9267','Raymond','Wilson','Fall',2017,'AS2348');
INSERT INTO PHDSTUDENT(StudentId,FName,LName,StSem,StYear,Supervisor) VALUES ('RY1726','Rhee','Yi','Fall',2017,'AS2348');
INSERT INTO PHDSTUDENT(StudentId,FName,LName,StSem,StYear,Supervisor) VALUES ('RS1903','Rosa','Sanchez','Fall',2017,'AS2348');
INSERT INTO PHDSTUDENT(StudentId,FName,LName,StSem,StYear,Supervisor) VALUES ('SP1938','Sai','Paranjape','Fall',2017,'AS2348');
INSERT INTO PHDSTUDENT(StudentId,FName,LName,StSem,StYear,Supervisor) VALUES ('SJ1947','Salil','Jha','Fall',2018,'BL9856');
INSERT INTO PHDSTUDENT(StudentId,FName,LName,StSem,StYear,Supervisor) VALUES ('SD1946','Shalini','Desai','Fall',2017,'RB1897');
INSERT INTO PHDSTUDENT(StudentId,FName,LName,StSem,StYear,Supervisor) VALUES ('SS1304','Simarjeet','Suri','Fall',2017,'AS2348');
INSERT INTO PHDSTUDENT(StudentId,FName,LName,StSem,StYear,Supervisor) VALUES ('SC1894','Steven','Cooper','Fall',2018,'SB2561');
INSERT INTO PHDSTUDENT(StudentId,FName,LName,StSem,StYear,Supervisor) VALUES ('TC1038','Tala','Castillo','Fall',2018,'BL9856');
INSERT INTO PHDSTUDENT(StudentId,FName,LName,StSem,StYear,Supervisor) VALUES ('VB1059','Victor','Brown','Fall',2017,'AS2348');
INSERT INTO PHDSTUDENT(StudentId,FName,LName,StSem,StYear,Supervisor) VALUES ('VW8930','Violet','Williams','Fall',2016,'AO5671');
INSERT INTO PHDSTUDENT(StudentId,FName,LName,StSem,StYear,Supervisor) VALUES ('VA1938','Vivaan','Ahuja','Fall',2016,'AO5671');
INSERT INTO PHDSTUDENT(StudentId,FName,LName,StSem,StYear,Supervisor) VALUES ('WW3847','Wang','Wei','Fall',2016,'BL9856');
INSERT INTO PHDSTUDENT(StudentId,FName,LName,StSem,StYear,Supervisor) VALUES ('XY2938','Xiu','Ying','Fall',2016,'AS2348');
INSERT INTO PHDSTUDENT(StudentId,FName,LName,StSem,StYear,Supervisor) VALUES ('ZW1029','Zhang','Wei','Fall',2016,'AO5671');



CREATE TABLE COURSE (
	CourseId CHAR(20) NOT NULL PRIMARY KEY,
	CName CHAR(100)
);

INSERT INTO COURSE(CourseId,CName) VALUES ('CSE5322','Software Design');
INSERT INTO COURSE(CourseId,CName) VALUES ('CSE5324','Artificial Intelligence');
INSERT INTO COURSE(CourseId,CName) VALUES ('CSE6338','Neural Networks');
INSERT INTO COURSE(CourseId,CName) VALUES ('CSE6365','Computer Graphics');
INSERT INTO COURSE(CourseId,CName) VALUES ('CSE4354','Operating System');
INSERT INTO COURSE(CourseId,CName) VALUES ('CSE4351','Parallel Processing');
INSERT INTO COURSE(CourseId,CName) VALUES ('CSE3302','Programming Languages');
INSERT INTO COURSE(CourseId,CName) VALUES ('CSE3310','Fundamentals of Software Engineering');
INSERT INTO COURSE(CourseId,CName) VALUES ('CSE3330','Database 1');
INSERT INTO COURSE(CourseId,CName) VALUES ('CSE3442','Embedded Systems');
INSERT INTO COURSE(CourseId,CName) VALUES ('CSE1325','Object-Oriented Programming');
INSERT INTO COURSE(CourseId,CName) VALUES ('CSE1320','Intermediate Programming');
INSERT INTO COURSE(CourseId,CName) VALUES ('CSE1310','Introduction to programming');



CREATE TABLE SECTION (
	SectionId CHAR(20) NOT NULL PRIMARY KEY,
	CourseId CHAR(20),
	FOREIGN KEY(CourseId) REFERENCES COURSE(CourseId) ON  DELETE CASCADE

);

INSERT INTO SECTION(SectionId,CourseId) VALUES ('CSE5322-001','CSE5322');
INSERT INTO SECTION(SectionId,CourseId) VALUES ('CSE5322-002','CSE5322');
INSERT INTO SECTION(SectionId,CourseId) VALUES ('CSE5322-003','CSE5322');
INSERT INTO SECTION(SectionId,CourseId) VALUES ('CSE5324-001','CSE5324');
INSERT INTO SECTION(SectionId,CourseId) VALUES ('CSE5324-002','CSE5324');
INSERT INTO SECTION(SectionId,CourseId) VALUES ('CSE5324-003','CSE5324');
INSERT INTO SECTION(SectionId,CourseId) VALUES ('CSE6338-001','CSE6338');
INSERT INTO SECTION(SectionId,CourseId) VALUES ('CSE6338-002','CSE6338');
INSERT INTO SECTION(SectionId,CourseId) VALUES ('CSE6338-003','CSE6338');
INSERT INTO SECTION(SectionId,CourseId) VALUES ('CSE6365-001','CSE6365');
INSERT INTO SECTION(SectionId,CourseId) VALUES ('CSE6365-002','CSE6365');
INSERT INTO SECTION(SectionId,CourseId) VALUES ('CSE6365-003','CSE6365');
INSERT INTO SECTION(SectionId,CourseId) VALUES ('CSE4354-001','CSE4354');
INSERT INTO SECTION(SectionId,CourseId) VALUES ('CSE4354-002','CSE4354');
INSERT INTO SECTION(SectionId,CourseId) VALUES ('CSE4354-003','CSE4354');
INSERT INTO SECTION(SectionId,CourseId) VALUES ('CSE4351-001','CSE4351');
INSERT INTO SECTION(SectionId,CourseId) VALUES ('CSE4351-002','CSE4351');
INSERT INTO SECTION(SectionId,CourseId) VALUES ('CSE4351-003','CSE4351');
INSERT INTO SECTION(SectionId,CourseId) VALUES ('CSE3302-001','CSE3302');
INSERT INTO SECTION(SectionId,CourseId) VALUES ('CSE3302-002','CSE3302');
INSERT INTO SECTION(SectionId,CourseId) VALUES ('CSE3302-003','CSE3302');
INSERT INTO SECTION(SectionId,CourseId) VALUES ('CSE3310-001','CSE3310');
INSERT INTO SECTION(SectionId,CourseId) VALUES ('CSE3310-002','CSE3310');
INSERT INTO SECTION(SectionId,CourseId) VALUES ('CSE3310-003','CSE3310');
INSERT INTO SECTION(SectionId,CourseId) VALUES ('CSE3330-001','CSE3330');
INSERT INTO SECTION(SectionId,CourseId) VALUES ('CSE3330-002','CSE3330');
INSERT INTO SECTION(SectionId,CourseId) VALUES ('CSE3330-003','CSE3330');
INSERT INTO SECTION(SectionId,CourseId) VALUES ('CSE3442-001','CSE3442');
INSERT INTO SECTION(SectionId,CourseId) VALUES ('CSE3442-002','CSE3442');
INSERT INTO SECTION(SectionId,CourseId) VALUES ('CSE3442-003','CSE3442');
INSERT INTO SECTION(SectionId,CourseId) VALUES ('CSE1325-001','CSE1325');
INSERT INTO SECTION(SectionId,CourseId) VALUES ('CSE1320-001','CSE1320');
INSERT INTO SECTION(SectionId,CourseId) VALUES ('CSE1310-001','CSE1310');









CREATE TABLE GTA(
	SectionId CHAR(20),
	MonthlyPay INT,
	StudentId CHAR(10) NOT NULL PRIMARY KEY,
	FOREIGN KEY(StudentId) REFERENCES PHDSTUDENT(StudentId)	ON  DELETE CASCADE,
	FOREIGN KEY(SectionId) REFERENCES SECTION(SectionId)	ON  DELETE CASCADE
);



INSERT INTO GTA(SectionId,MonthlyPay,StudentId) VALUES ('CSE5322-001',2000,'JG1036');
INSERT INTO GTA(SectionId,MonthlyPay,StudentId) VALUES ('CSE5322-002',2000,'VA1938');
INSERT INTO GTA(SectionId,MonthlyPay,StudentId) VALUES ('CSE5322-003',2000,'AB2903');
INSERT INTO GTA(SectionId,MonthlyPay,StudentId) VALUES ('CSE5324-001',2000,'JR1930');
INSERT INTO GTA(SectionId,MonthlyPay,StudentId) VALUES ('CSE5324-002',2000,'MA1968');
INSERT INTO GTA(SectionId,MonthlyPay,StudentId) VALUES ('CSE5324-003',2000,'JG8927');
INSERT INTO GTA(SectionId,MonthlyPay,StudentId) VALUES ('CSE6338-001',2000,'AL8345');
INSERT INTO GTA(SectionId,MonthlyPay,StudentId) VALUES ('CSE6338-002',2000,'AM8051');
INSERT INTO GTA(SectionId,MonthlyPay,StudentId) VALUES ('CSE6338-003',2000,'KY4892');
INSERT INTO GTA(SectionId,MonthlyPay,StudentId) VALUES ('CSE6365-001',2000,'MN2903');
INSERT INTO GTA(SectionId,MonthlyPay,StudentId) VALUES ('CSE6365-002',2000,'DB6291');
INSERT INTO GTA(SectionId,MonthlyPay,StudentId) VALUES ('CSE6365-003',2000,'DB1783');
INSERT INTO GTA(SectionId,MonthlyPay,StudentId) VALUES ('CSE4354-001',1500,'JF1092');
INSERT INTO GTA(SectionId,MonthlyPay,StudentId) VALUES ('CSE4354-002',1500,'PS1904');
INSERT INTO GTA(SectionId,MonthlyPay,StudentId) VALUES ('CSE4354-003',1500,'SS1304');
INSERT INTO GTA(SectionId,MonthlyPay,StudentId) VALUES ('CSE4351-001',1500,'SP1938');
INSERT INTO GTA(SectionId,MonthlyPay,StudentId) VALUES ('CSE4351-002',1500,'AY2653');
INSERT INTO GTA(SectionId,MonthlyPay,StudentId) VALUES ('CSE4351-003',1500,'SD1946');
INSERT INTO GTA(SectionId,MonthlyPay,StudentId) VALUES ('CSE3302-001',1500,'AD1035');
INSERT INTO GTA(SectionId,MonthlyPay,StudentId) VALUES ('CSE3302-002',1500,'MP3478');
INSERT INTO GTA(SectionId,MonthlyPay,StudentId) VALUES ('CSE3302-003',1500,'ML3902');
INSERT INTO GTA(SectionId,MonthlyPay,StudentId) VALUES ('CSE3310-001',1500,'NN1629');
INSERT INTO GTA(SectionId,MonthlyPay,StudentId) VALUES ('CSE3310-002',1500,'OT8190');
INSERT INTO GTA(SectionId,MonthlyPay,StudentId) VALUES ('CSE3310-003',1500,'RS1903');
INSERT INTO GTA(SectionId,MonthlyPay,StudentId) VALUES ('CSE3330-001',1500,'PG2469');
INSERT INTO GTA(SectionId,MonthlyPay,StudentId) VALUES ('CSE3330-002',1000,'LM1405');
INSERT INTO GTA(SectionId,MonthlyPay,StudentId) VALUES ('CSE3330-003',1000,'MA1234');
INSERT INTO GTA(SectionId,MonthlyPay,StudentId) VALUES ('CSE3442-001',1000,'FS6892');
INSERT INTO GTA(SectionId,MonthlyPay,StudentId) VALUES ('CSE3442-002',1000,'AK1958');
INSERT INTO GTA(SectionId,MonthlyPay,StudentId) VALUES ('CSE3442-003',1000,'SJ1947');
INSERT INTO GTA(SectionId,MonthlyPay,StudentId) VALUES ('CSE1325-001',1000,'MG1940');
INSERT INTO GTA(SectionId,MonthlyPay,StudentId) VALUES ('CSE1320-001',1000,'PH2091');
INSERT INTO GTA(SectionId,MonthlyPay,StudentId) VALUES ('CSE1310-001',1000,'TC1038');





CREATE TABLE GRA(
    StudentId CHAR(10) NOT NULL PRIMARY KEY,
    Funding CHAR(10),
    MonthlyPay INT,
    FOREIGN KEY(StudentId) REFERENCES PHDSTUDENT(StudentId) ON  DELETE CASCADE
);


INSERT INTO GRA(StudentId,Funding,MonthlyPay) VALUES ('CC6716','DOE1',1000);
INSERT INTO GRA(StudentId,Funding,MonthlyPay) VALUES ('ZW1029','DOE1',3000);
INSERT INTO GRA(StudentId,Funding,MonthlyPay) VALUES ('XY2938','DOE1',3000);
INSERT INTO GRA(StudentId,Funding,MonthlyPay) VALUES ('WW3847','DOE1',3000);
INSERT INTO GRA(StudentId,Funding,MonthlyPay) VALUES ('LY1049','NSF2',2000);
INSERT INTO GRA(StudentId,Funding,MonthlyPay) VALUES ('RK1489','NSF2',3000);
INSERT INTO GRA(StudentId,Funding,MonthlyPay) VALUES ('KH1029','NIH3',3000);
INSERT INTO GRA(StudentId,Funding,MonthlyPay) VALUES ('AW1023','NIH3',3000);
INSERT INTO GRA(StudentId,Funding,MonthlyPay) VALUES ('JP9384','DOT4',3000);
INSERT INTO GRA(StudentId,Funding,MonthlyPay) VALUES ('RY1726','DOT4',2000);
INSERT INTO GRA(StudentId,Funding,MonthlyPay) VALUES ('KJ1928','DOT4',1000);



CREATE TABLE SELFSUPPORT (
 StudentId CHAR(10) NOT NULL PRIMARY KEY,
 FOREIGN KEY(StudentId) REFERENCES PHDSTUDENT(StudentId)  ON  DELETE CASCADE

);


INSERT INTO SELFSUPPORT(StudentId) VALUES ('AA1234');
INSERT INTO SELFSUPPORT(StudentId) VALUES ('AA2345');
INSERT INTO SELFSUPPORT(StudentId) VALUES ('BD5678');
INSERT INTO SELFSUPPORT(StudentId) VALUES ('BE1256');
INSERT INTO SELFSUPPORT(StudentId) VALUES ('FE6789');
INSERT INTO SELFSUPPORT(StudentId) VALUES ('IJ1569');
INSERT INTO SELFSUPPORT(StudentId) VALUES ('FK8907');
INSERT INTO SELFSUPPORT(StudentId) VALUES ('EN4589');
INSERT INTO SELFSUPPORT(StudentId) VALUES ('KO1905');
INSERT INTO SELFSUPPORT(StudentId) VALUES ('NZ1278');
INSERT INTO SELFSUPPORT(StudentId) VALUES ('MS1259');
INSERT INTO SELFSUPPORT(StudentId) VALUES ('AJ1934');
INSERT INTO SELFSUPPORT(StudentId) VALUES ('VW8930');




CREATE TABLE SCHOLARSHIPSUPPORT (
	StudentId CHAR(10) NOT NULL PRIMARY KEY,
	Type CHAR(50) NOT NULL,
	Source CHAR(50),
	FOREIGN KEY(StudentId) REFERENCES PHDSTUDENT(StudentId) ON  DELETE CASCADE
);


INSERT INTO SCHOLARSHIPSUPPORT(StudentId,Type,Source) VALUES ('AJ1836','STEM','NSF');
INSERT INTO SCHOLARSHIPSUPPORT(StudentId,Type,Source) VALUES ('VB1059','STEM','NSF');
INSERT INTO SCHOLARSHIPSUPPORT(StudentId,Type,Source) VALUES ('GM6294','STEM','NSF');
INSERT INTO SCHOLARSHIPSUPPORT(StudentId,Type,Source) VALUES ('RW9267','STEM','NSF');
INSERT INTO SCHOLARSHIPSUPPORT(StudentId,Type,Source) VALUES ('GD1948','STEM','NSF');
INSERT INTO SCHOLARSHIPSUPPORT(StudentId,Type,Source) VALUES ('HA2680','Departmental','University');
INSERT INTO SCHOLARSHIPSUPPORT(StudentId,Type,Source) VALUES ('SC1894','Departmental','University');
INSERT INTO SCHOLARSHIPSUPPORT(StudentId,Type,Source) VALUES ('IS2945','Departmental','University');
INSERT INTO SCHOLARSHIPSUPPORT(StudentId,Type,Source) VALUES ('MI1589','Departmental','University');
INSERT INTO SCHOLARSHIPSUPPORT(StudentId,Type,Source) VALUES ('AP2578','Departmental','University');
INSERT INTO SCHOLARSHIPSUPPORT(StudentId,Type,Source) VALUES ('BM1745','Maverick','University');
INSERT INTO SCHOLARSHIPSUPPORT(StudentId,Type,Source) VALUES ('NS4289','Maverick','University');
INSERT INTO SCHOLARSHIPSUPPORT(StudentId,Type,Source) VALUES ('LF150','Maverick','University');
INSERT INTO SCHOLARSHIPSUPPORT(StudentId,Type,Source) VALUES ('AM2950','Maverick','University');
INSERT INTO SCHOLARSHIPSUPPORT(StudentId,Type,Source) VALUES ('LB2673','Maverick','University');
INSERT INTO SCHOLARSHIPSUPPORT(StudentId,Type,Source) VALUES ('JT6936','Maverick','University');



CREATE TABLE COURSESTAUGHT (
	CourseId CHAR(10) NOT NULL,
	InstructorId CHAR(10) NOT NULL,
	PRIMARY KEY(CourseId , InstructorId),
	FOREIGN KEY (CourseId) REFERENCES COURSE(CourseId) ON  DELETE CASCADE,
	FOREIGN KEY (InstructorId) REFERENCES INSTRUCTOR(InstructorId) ON  DELETE CASCADE
);



INSERT INTO COURSESTAUGHT(CourseId,InstructorId) VALUES ('CSE3330','AD4267');
INSERT INTO COURSESTAUGHT(CourseId,InstructorId) VALUES ('CSE3442','AD4267');
INSERT INTO COURSESTAUGHT(CourseId,InstructorId) VALUES ('CSE1325','AO1290');
INSERT INTO COURSESTAUGHT(CourseId,InstructorId) VALUES ('CSE1320','AO1290');
INSERT INTO COURSESTAUGHT(CourseId,InstructorId) VALUES ('CSE5324','AO5671');
INSERT INTO COURSESTAUGHT(CourseId,InstructorId) VALUES ('CSE6338','AO5671');
INSERT INTO COURSESTAUGHT(CourseId,InstructorId) VALUES ('CSE5322','AS2348');
INSERT INTO COURSESTAUGHT(CourseId,InstructorId) VALUES ('CSE5324','AS2348');
INSERT INTO COURSESTAUGHT(CourseId,InstructorId) VALUES ('CSE6338','AS2348');
INSERT INTO COURSESTAUGHT(CourseId,InstructorId) VALUES ('CSE6365','BL9856');
INSERT INTO COURSESTAUGHT(CourseId,InstructorId) VALUES ('CSE5322','BL9856');
INSERT INTO COURSESTAUGHT(CourseId,InstructorId) VALUES ('CSE3442','CA2876');
INSERT INTO COURSESTAUGHT(CourseId,InstructorId) VALUES ('CSE1325','CA2876');
INSERT INTO COURSESTAUGHT(CourseId,InstructorId) VALUES ('CSE4354','DP6712');
INSERT INTO COURSESTAUGHT(CourseId,InstructorId) VALUES ('CSE4351','DP6712');
INSERT INTO COURSESTAUGHT(CourseId,InstructorId) VALUES ('CSE4354','HY1945');
INSERT INTO COURSESTAUGHT(CourseId,InstructorId) VALUES ('CSE3310','HY1945');
INSERT INTO COURSESTAUGHT(CourseId,InstructorId) VALUES ('CSE5324','RB1897');
INSERT INTO COURSESTAUGHT(CourseId,InstructorId) VALUES ('CSE6338','RB1897');
INSERT INTO COURSESTAUGHT(CourseId,InstructorId) VALUES ('CSE6365','RB1897');
INSERT INTO COURSESTAUGHT(CourseId,InstructorId) VALUES ('CSE6365','SB2561');
INSERT INTO COURSESTAUGHT(CourseId,InstructorId) VALUES ('CSE4354','SB2561');
INSERT INTO COURSESTAUGHT(CourseId,InstructorId) VALUES ('CSE4351','SB2561');
INSERT INTO COURSESTAUGHT(CourseId,InstructorId) VALUES ('CSE4351','XZ3456');
INSERT INTO COURSESTAUGHT(CourseId,InstructorId) VALUES ('CSE3302','XZ3456');




CREATE TABLE MILESTONE (
	MID CHAR(10) NOT NULL PRIMARY KEY,
	MName CHAR(100)
);

INSERT INTO MILESTONE(MID,MName) VALUES ('CM','Committee Formed');
INSERT INTO MILESTONE(MID,MName) VALUES ('DE','Diagnostics Evaluation');
INSERT INTO MILESTONE(MID,MName) VALUES ('CE','Comprehensive Exam');
INSERT INTO MILESTONE(MID,MName) VALUES ('PR','Proposal');
INSERT INTO MILESTONE(MID,MName) VALUES ('DF','Defense');


CREATE TABLE MILESTONESPASSED (
	StudentId CHAR(10) NOT NULL,
	MId CHAR(10) NOT NULL,
	PassDate DATE,
	PRIMARY KEY(StudentId, MID),
	FOREIGN KEY(StudentId) REFERENCES PHDSTUDENT(StudentId) ON  DELETE CASCADE,
	FOREIGN KEY(MId) REFERENCES MILESTONE(MID) ON  DELETE CASCADE
);



INSERT INTO MILESTONESPASSED(StudentId,MId,PassDate) VALUES ('AA1234','CM','2016-12-01');
INSERT INTO MILESTONESPASSED(StudentId,MId,PassDate) VALUES ('AA2345','CM','2016-12-01');
INSERT INTO MILESTONESPASSED(StudentId,MId,PassDate) VALUES ('MS1259','CM','2016-12-02');
INSERT INTO MILESTONESPASSED(StudentId,MId,PassDate) VALUES ('AJ1934','CM','2016-12-02');
INSERT INTO MILESTONESPASSED(StudentId,MId,PassDate) VALUES ('VW8930','CM','2016-12-02');
INSERT INTO MILESTONESPASSED(StudentId,MId,PassDate) VALUES ('AJ1836','CM','2016-12-02');
INSERT INTO MILESTONESPASSED(StudentId,MId,PassDate) VALUES ('IS2945','CM','2016-12-02');
INSERT INTO MILESTONESPASSED(StudentId,MId,PassDate) VALUES ('BM1745','CM','2016-12-05');
INSERT INTO MILESTONESPASSED(StudentId,MId,PassDate) VALUES ('AM2950','CM','2016-12-05');
INSERT INTO MILESTONESPASSED(StudentId,MId,PassDate) VALUES ('VA1938','CM','2016-12-05');
INSERT INTO MILESTONESPASSED(StudentId,MId,PassDate) VALUES ('AB2903','CM','2016-12-05');
INSERT INTO MILESTONESPASSED(StudentId,MId,PassDate) VALUES ('MA1968','CM','2016-12-05');
INSERT INTO MILESTONESPASSED(StudentId,MId,PassDate) VALUES ('JG8927','CM','2016-12-05');
INSERT INTO MILESTONESPASSED(StudentId,MId,PassDate) VALUES ('AL8345','CM','2016-12-05');
INSERT INTO MILESTONESPASSED(StudentId,MId,PassDate) VALUES ('AM8051','CM','2016-12-06');
INSERT INTO MILESTONESPASSED(StudentId,MId,PassDate) VALUES ('JR1930','CM','2016-12-06');
INSERT INTO MILESTONESPASSED(StudentId,MId,PassDate) VALUES ('JG1036','CM','2016-12-06');
INSERT INTO MILESTONESPASSED(StudentId,MId,PassDate) VALUES ('DB1783','CM','2016-12-07');
INSERT INTO MILESTONESPASSED(StudentId,MId,PassDate) VALUES ('DB6291','CM','2016-12-07');
INSERT INTO MILESTONESPASSED(StudentId,MId,PassDate) VALUES ('KY4892','CM','2016-12-08');
INSERT INTO MILESTONESPASSED(StudentId,MId,PassDate) VALUES ('MN2903','CM','2016-12-08');
INSERT INTO MILESTONESPASSED(StudentId,MId,PassDate) VALUES ('ZW1029','CM','2016-12-08');
INSERT INTO MILESTONESPASSED(StudentId,MId,PassDate) VALUES ('XY2938','CM','2016-12-08');
INSERT INTO MILESTONESPASSED(StudentId,MId,PassDate) VALUES ('WW3847','CM','2016-12-08');
INSERT INTO MILESTONESPASSED(StudentId,MId,PassDate) VALUES ('RK1489','CM','2016-12-08');
INSERT INTO MILESTONESPASSED(StudentId,MId,PassDate) VALUES ('KH1029','CM','2016-12-09');
INSERT INTO MILESTONESPASSED(StudentId,MId,PassDate) VALUES ('JP9384','CM','2016-12-09');
INSERT INTO MILESTONESPASSED(StudentId,MId,PassDate) VALUES ('BD5678','CM','2017-12-07');
INSERT INTO MILESTONESPASSED(StudentId,MId,PassDate) VALUES ('BE1256','CM','2017-12-07');
INSERT INTO MILESTONESPASSED(StudentId,MId,PassDate) VALUES ('FE6789','CM','2017-12-07');
INSERT INTO MILESTONESPASSED(StudentId,MId,PassDate) VALUES ('IJ1569','CM','2017-12-07');
INSERT INTO MILESTONESPASSED(StudentId,MId,PassDate) VALUES ('FK8907','CM','2017-12-07');
INSERT INTO MILESTONESPASSED(StudentId,MId,PassDate) VALUES ('SJ1947','CM','2017-12-07');
INSERT INTO MILESTONESPASSED(StudentId,MId,PassDate) VALUES ('AK1958','CM','2017-12-07');
INSERT INTO MILESTONESPASSED(StudentId,MId,PassDate) VALUES ('EN4589','CM','2018-12-06');
INSERT INTO MILESTONESPASSED(StudentId,MId,PassDate) VALUES ('KO1905','CM','2018-12-07');
INSERT INTO MILESTONESPASSED(StudentId,MId,PassDate) VALUES ('NZ1278','CM','2018-12-07');
INSERT INTO MILESTONESPASSED(StudentId,MId,PassDate) VALUES ('HA2680','CM','2018-12-08');
INSERT INTO MILESTONESPASSED(StudentId,MId,PassDate) VALUES ('DB1783','DE','2017-06-05');
INSERT INTO MILESTONESPASSED(StudentId,MId,PassDate) VALUES ('DB6291','DE','2017-06-06');
INSERT INTO MILESTONESPASSED(StudentId,MId,PassDate) VALUES ('KY4892','DE','2017-06-06');
INSERT INTO MILESTONESPASSED(StudentId,MId,PassDate) VALUES ('MN2903','DE','2017-06-06');
INSERT INTO MILESTONESPASSED(StudentId,MId,PassDate) VALUES ('ZW1029','DE','2017-06-07');
INSERT INTO MILESTONESPASSED(StudentId,MId,PassDate) VALUES ('XY2938','DE','2017-06-07');
INSERT INTO MILESTONESPASSED(StudentId,MId,PassDate) VALUES ('WW3847','DE','2017-06-07');
INSERT INTO MILESTONESPASSED(StudentId,MId,PassDate) VALUES ('RK1489','DE','2017-06-07');
INSERT INTO MILESTONESPASSED(StudentId,MId,PassDate) VALUES ('KH1029','DE','2017-06-07');
INSERT INTO MILESTONESPASSED(StudentId,MId,PassDate) VALUES ('JP9384','DE','2017-06-07');
INSERT INTO MILESTONESPASSED(StudentId,MId,PassDate) VALUES ('IJ1569','DE','2017-12-06');
INSERT INTO MILESTONESPASSED(StudentId,MId,PassDate) VALUES ('FK8907','DE','2017-12-07');
INSERT INTO MILESTONESPASSED(StudentId,MId,PassDate) VALUES ('MN2903','CE','2017-12-07');
INSERT INTO MILESTONESPASSED(StudentId,MId,PassDate) VALUES ('ZW1029','CE','2017-12-07');
INSERT INTO MILESTONESPASSED(StudentId,MId,PassDate) VALUES ('XY2938','CE','2017-12-07');
INSERT INTO MILESTONESPASSED(StudentId,MId,PassDate) VALUES ('WW3847','CE','2017-12-07');
INSERT INTO MILESTONESPASSED(StudentId,MId,PassDate) VALUES ('RK1489','CE','2017-12-07');
INSERT INTO MILESTONESPASSED(StudentId,MId,PassDate) VALUES ('KH1029','CE','2017-12-07');
INSERT INTO MILESTONESPASSED(StudentId,MId,PassDate) VALUES ('JP9384','CE','2017-12-07');
INSERT INTO MILESTONESPASSED(StudentId,MId,PassDate) VALUES ('FK8907','CE','2018-05-07');
INSERT INTO MILESTONESPASSED(StudentId,MId,PassDate) VALUES ('RK1489','PR','2018-12-07');
INSERT INTO MILESTONESPASSED(StudentId,MId,PassDate) VALUES ('KH1029','PR','2018-12-07');
INSERT INTO MILESTONESPASSED(StudentId,MId,PassDate) VALUES ('JP9384','PR','2018-12-08');



CREATE TABLE GRANTS (
	AccountNo CHAR(10) NOT NULL PRIMARY KEY,
	Type CHAR(50),
	GrantTitle CHAR(100),
	Source CHAR(100),
	StDate DATE,
	EndDate DATE,
	StAmount INT,
	CurrentBalance INT
);



INSERT INTO GRANTS(AccountNo,Type,GrantTitle,Source,StDate,EndDate,StAmount,CurrentBalance) VALUES ('DOE1','Educational','GAANN','US Department of Education','2015-01-01','2022-08-30',1500000,500000);
INSERT INTO GRANTS(AccountNo,Type,GrantTitle,Source,StDate,EndDate,StAmount,CurrentBalance) VALUES ('NSF2','Research','Undergraduate Experiences','National Science Foundation','2018-09-01','2021-08-30',300000,250000);
INSERT INTO GRANTS(AccountNo,Type,GrantTitle,Source,StDate,EndDate,StAmount,CurrentBalance) VALUES ('NIH3','Research','Resistance to Infections','National Institutes of Health','2018-09-01','2024-08-30',450000,375000);
INSERT INTO GRANTS(AccountNo,Type,GrantTitle,Source,StDate,EndDate,StAmount,CurrentBalance) VALUES ('DOT4','Research','University Transportation','U.S. Department of Transportation','2016-01-01','2021-12-31',1500000,400000);





CREATE TABLE GRANTSASSOCIATED(
	AccountNo CHAR(10) NOT NULL,
	InstructorId CHAR(10) NOT NULL,
	InstrType CHAR(50),
	PRIMARY KEY(AccountNo,InstructorID),
	FOREIGN KEY(InstructorID) REFERENCES INSTRUCTOR(InstructorID)
	ON  DELETE CASCADE
);



INSERT INTO GRANTSASSOCIATED(AccountNo,InstructorId,InstrType) VALUES ('DOE1','AO5671','PI');
INSERT INTO GRANTSASSOCIATED(AccountNo,InstructorId,InstrType) VALUES ('DOE1','AS2348','COPI');
INSERT INTO GRANTSASSOCIATED(AccountNo,InstructorId,InstrType) VALUES ('DOE1','BL9856','COPI');
INSERT INTO GRANTSASSOCIATED(AccountNo,InstructorId,InstrType) VALUES ('NSF2','AS2348','PI');
INSERT INTO GRANTSASSOCIATED(AccountNo,InstructorId,InstrType) VALUES ('NSF2','RB1897','COPI');
INSERT INTO GRANTSASSOCIATED(AccountNo,InstructorId,InstrType) VALUES ('NSF2','BL9856','COPI');
INSERT INTO GRANTSASSOCIATED(AccountNo,InstructorId,InstrType) VALUES ('NIH3','RB1897','PI');
INSERT INTO GRANTSASSOCIATED(AccountNo,InstructorId,InstrType) VALUES ('NIH3','BL9856','COPI');
INSERT INTO GRANTSASSOCIATED(AccountNo,InstructorId,InstrType) VALUES ('NIH3','SB2561','COPI');
INSERT INTO GRANTSASSOCIATED(AccountNo,InstructorId,InstrType) VALUES ('DOT4','SB2561','PI');
INSERT INTO GRANTSASSOCIATED(AccountNo,InstructorId,InstrType) VALUES ('DOT4','BL9856','COPI');
INSERT INTO GRANTSASSOCIATED(AccountNo,InstructorId,InstrType) VALUES ('DOT4','AO5671','COPI');




CREATE TABLE PHDCOMMITTEE(
	StudentId CHAR(10) NOT NULL,
	InstructorId CHAR(10) NOT NULL,
	PRIMARY KEY(StudentId,InstructorId),
	FOREIGN KEY(StudentId) REFERENCES PHDSTUDENT(StudentId) ON  DELETE CASCADE,
	FOREIGN KEY(InstructorId) REFERENCES INSTRUCTOR(InstructorId) ON  DELETE CASCADE
);


INSERT INTO PHDCOMMITTEE(StudentId,InstructorId) VALUES ('AA1234','AS2348');
INSERT INTO PHDCOMMITTEE(StudentId,InstructorId) VALUES ('AA1234','RB1897');
INSERT INTO PHDCOMMITTEE(StudentId,InstructorId) VALUES ('AA2345','SB2561');
INSERT INTO PHDCOMMITTEE(StudentId,InstructorId) VALUES ('AA2345','BL9856');
INSERT INTO PHDCOMMITTEE(StudentId,InstructorId) VALUES ('MS1259','RB1897');
INSERT INTO PHDCOMMITTEE(StudentId,InstructorId) VALUES ('MS1259','SB2561');
INSERT INTO PHDCOMMITTEE(StudentId,InstructorId) VALUES ('AJ1934','AS2348');
INSERT INTO PHDCOMMITTEE(StudentId,InstructorId) VALUES ('AJ1934','RB1897');
INSERT INTO PHDCOMMITTEE(StudentId,InstructorId) VALUES ('VW8930','RB1897');
INSERT INTO PHDCOMMITTEE(StudentId,InstructorId) VALUES ('VW8930','SB2561');
INSERT INTO PHDCOMMITTEE(StudentId,InstructorId) VALUES ('AJ1836','SB2561');
INSERT INTO PHDCOMMITTEE(StudentId,InstructorId) VALUES ('AJ1836','BL9856');
INSERT INTO PHDCOMMITTEE(StudentId,InstructorId) VALUES ('IS2945','AS2348');
INSERT INTO PHDCOMMITTEE(StudentId,InstructorId) VALUES ('IS2945','BL9856');
INSERT INTO PHDCOMMITTEE(StudentId,InstructorId) VALUES ('BM1745','AS2348');
INSERT INTO PHDCOMMITTEE(StudentId,InstructorId) VALUES ('BM1745','BL9856');
INSERT INTO PHDCOMMITTEE(StudentId,InstructorId) VALUES ('AM2950','SB2561');
INSERT INTO PHDCOMMITTEE(StudentId,InstructorId) VALUES ('AM2950','BL9856');
INSERT INTO PHDCOMMITTEE(StudentId,InstructorId) VALUES ('VA1938','AS2348');
INSERT INTO PHDCOMMITTEE(StudentId,InstructorId) VALUES ('VA1938','RB1897');
INSERT INTO PHDCOMMITTEE(StudentId,InstructorId) VALUES ('AB2903','RB1897');
INSERT INTO PHDCOMMITTEE(StudentId,InstructorId) VALUES ('AB2903','SB2561');
INSERT INTO PHDCOMMITTEE(StudentId,InstructorId) VALUES ('MA1968','RB1897');
INSERT INTO PHDCOMMITTEE(StudentId,InstructorId) VALUES ('MA1968','BL9856');
INSERT INTO PHDCOMMITTEE(StudentId,InstructorId) VALUES ('JG8927','AS2348');
INSERT INTO PHDCOMMITTEE(StudentId,InstructorId) VALUES ('JG8927','BL9856');
INSERT INTO PHDCOMMITTEE(StudentId,InstructorId) VALUES ('AL8345','AS2348');
INSERT INTO PHDCOMMITTEE(StudentId,InstructorId) VALUES ('AL8345','RB1897');
INSERT INTO PHDCOMMITTEE(StudentId,InstructorId) VALUES ('AM8051','SB2561');
INSERT INTO PHDCOMMITTEE(StudentId,InstructorId) VALUES ('AM8051','BL9856');
INSERT INTO PHDCOMMITTEE(StudentId,InstructorId) VALUES ('JR1930','AO5671');
INSERT INTO PHDCOMMITTEE(StudentId,InstructorId) VALUES ('JR1930','RB1897');
INSERT INTO PHDCOMMITTEE(StudentId,InstructorId) VALUES ('JG1036','AO5671');
INSERT INTO PHDCOMMITTEE(StudentId,InstructorId) VALUES ('JG1036','AS2348');
INSERT INTO PHDCOMMITTEE(StudentId,InstructorId) VALUES ('DB1783','AS2348');
INSERT INTO PHDCOMMITTEE(StudentId,InstructorId) VALUES ('DB1783','RB1897');
INSERT INTO PHDCOMMITTEE(StudentId,InstructorId) VALUES ('DB6291','SB2561');
INSERT INTO PHDCOMMITTEE(StudentId,InstructorId) VALUES ('DB6291','BL9856');
INSERT INTO PHDCOMMITTEE(StudentId,InstructorId) VALUES ('KY4892','AO5671');
INSERT INTO PHDCOMMITTEE(StudentId,InstructorId) VALUES ('KY4892','BL9856');
INSERT INTO PHDCOMMITTEE(StudentId,InstructorId) VALUES ('MN2903','RB1897');
INSERT INTO PHDCOMMITTEE(StudentId,InstructorId) VALUES ('MN2903','SB2561');
INSERT INTO PHDCOMMITTEE(StudentId,InstructorId) VALUES ('ZW1029','AS2348');
INSERT INTO PHDCOMMITTEE(StudentId,InstructorId) VALUES ('ZW1029','RB1897');
INSERT INTO PHDCOMMITTEE(StudentId,InstructorId) VALUES ('XY2938','RB1897');
INSERT INTO PHDCOMMITTEE(StudentId,InstructorId) VALUES ('XY2938','BL9856');
INSERT INTO PHDCOMMITTEE(StudentId,InstructorId) VALUES ('WW3847','RB1897');
INSERT INTO PHDCOMMITTEE(StudentId,InstructorId) VALUES ('WW3847','SB2561');
INSERT INTO PHDCOMMITTEE(StudentId,InstructorId) VALUES ('RK1489','AO5671');
INSERT INTO PHDCOMMITTEE(StudentId,InstructorId) VALUES ('RK1489','SB2561');
INSERT INTO PHDCOMMITTEE(StudentId,InstructorId) VALUES ('KH1029','AS2348');
INSERT INTO PHDCOMMITTEE(StudentId,InstructorId) VALUES ('KH1029','RB1897');
INSERT INTO PHDCOMMITTEE(StudentId,InstructorId) VALUES ('JP9384','AS2348');
INSERT INTO PHDCOMMITTEE(StudentId,InstructorId) VALUES ('JP9384','RB1897');
INSERT INTO PHDCOMMITTEE(StudentId,InstructorId) VALUES ('BD5678','RB1897');
INSERT INTO PHDCOMMITTEE(StudentId,InstructorId) VALUES ('BD5678','SB2561');
INSERT INTO PHDCOMMITTEE(StudentId,InstructorId) VALUES ('BE1256','AO5671');
INSERT INTO PHDCOMMITTEE(StudentId,InstructorId) VALUES ('BE1256','RB1897');
INSERT INTO PHDCOMMITTEE(StudentId,InstructorId) VALUES ('BE1256','SB2561');
INSERT INTO PHDCOMMITTEE(StudentId,InstructorId) VALUES ('FE6789','RB1897');
INSERT INTO PHDCOMMITTEE(StudentId,InstructorId) VALUES ('FE6789','SB2561');
INSERT INTO PHDCOMMITTEE(StudentId,InstructorId) VALUES ('FE6789','BL9856');
INSERT INTO PHDCOMMITTEE(StudentId,InstructorId) VALUES ('IJ1569','AS2348');
INSERT INTO PHDCOMMITTEE(StudentId,InstructorId) VALUES ('IJ1569','SB2561');
INSERT INTO PHDCOMMITTEE(StudentId,InstructorId) VALUES ('FK8907','AO5671');
INSERT INTO PHDCOMMITTEE(StudentId,InstructorId) VALUES ('FK8907','AS2348');
INSERT INTO PHDCOMMITTEE(StudentId,InstructorId) VALUES ('SJ1947','AO5671');
INSERT INTO PHDCOMMITTEE(StudentId,InstructorId) VALUES ('SJ1947','AS2348');
INSERT INTO PHDCOMMITTEE(StudentId,InstructorId) VALUES ('SJ1947','RB1897');
INSERT INTO PHDCOMMITTEE(StudentId,InstructorId) VALUES ('SJ1947','SB2561');
INSERT INTO PHDCOMMITTEE(StudentId,InstructorId) VALUES ('AK1958','AO5671');
INSERT INTO PHDCOMMITTEE(StudentId,InstructorId) VALUES ('AK1958','AS2348');
INSERT INTO PHDCOMMITTEE(StudentId,InstructorId) VALUES ('EN4589','AO5671');
INSERT INTO PHDCOMMITTEE(StudentId,InstructorId) VALUES ('EN4589','AS2348');
INSERT INTO PHDCOMMITTEE(StudentId,InstructorId) VALUES ('KO1905','RB1897');
INSERT INTO PHDCOMMITTEE(StudentId,InstructorId) VALUES ('KO1905','BL9856');
INSERT INTO PHDCOMMITTEE(StudentId,InstructorId) VALUES ('NZ1278','AS2348');
INSERT INTO PHDCOMMITTEE(StudentId,InstructorId) VALUES ('NZ1278','RB1897');
INSERT INTO PHDCOMMITTEE(StudentId,InstructorId) VALUES ('HA2680','AO5671');
INSERT INTO PHDCOMMITTEE(StudentId,InstructorId) VALUES ('HA2680','AS2348');



SELECT * FROM PHDSTUDENT;
SELECT * FROM INSTRUCTOR;
SELECT * FROM TT;
SELECT * FROM GTA;
SELECT * FROM GRA;
SELECT * FROM SELFSUPPORT;
SELECT * FROM SCHOLARSHIPSUPPORT;
SELECT * FROM COURSE;
SELECT * FROM SECTION;
SELECT * FROM COURSESTAUGHT;
SELECT * FROM MILESTONE;
SELECT * FROM MILESTONESPASSED;
SELECT * FROM GRANTS;
SELECT * FROM GRANTSASSOCIATED;
SELECT * FROM PHDCOMMITTEE;





